1,abc,Siti,Evaluator
yuven,yuven,yuven,Coordinator
new,new,new,Coordinator
101,pass123,Afrina,Student
102,pass321,Batrisyia,Evaluator
103,PASS123,Ali Bin Abu,Student
104,pASS123,John Doe,Evaluator
105,pass123,Batrisyia Afrina,Coordinator
106,pass123,Afrina Batrisyia,Coordinator
107,pass123,Aizad,Student
108,pass123,Vidhya,Student
109,pass123,Zayn,Student
110,pass123,Zaim,Student
111,pass123,Zharfan,Student
stu,stu,student,Student
try,try,tryagain,Student
why,why,whyatt,Evaluator
again,again,again,Student
123,123,123,Evaluator
300,123,Studdy,Student
301,301,Evvy,Evaluator
